<?xml version="1.0" encoding="UTF-8"?>
<project-private xmlns="http://www.netbeans.org/ns/project-private/1">
    <editor-bookmarks xmlns="http://www.netbeans.org/ns/editor-bookmarks/2" lastBookmarkId="0"/>
    <open-files xmlns="http://www.netbeans.org/ns/projectui-open-files/2">
        <group>
            <file>file:/C:/Users/user/Documents/soal%20lksn%202024/kasir12rpl-1/src/kasir/WrapLayout.java</file>
            <file>file:/C:/Users/user/Documents/soal%20lksn%202024/kasir12rpl-1/src/kasir/Session.java</file>
            <file>file:/C:/Users/user/Documents/soal%20lksn%202024/kasir12rpl-1/src/kasir/LineChartPanel.java</file>
            <file>file:/C:/Users/user/Documents/soal%20lksn%202024/kasir12rpl-1/src/kasir/pembelian.java</file>
            <file>file:/C:/Users/user/Documents/soal%20lksn%202024/kasir12rpl-1/src/kasir/jDialogKategori.java</file>
            <file>file:/C:/Users/user/Documents/soal%20lksn%202024/kasir12rpl-1/src/kasir/menuKasir.java</file>
            <file>file:/C:/Users/user/Documents/soal%20lksn%202024/kasir12rpl-1/src/kasir/login.java</file>
            <file>file:/C:/Users/user/Documents/soal%20lksn%202024/kasir12rpl-1/src/kasir/MenuAll.java</file>
            <file>file:/C:/Users/user/Documents/soal%20lksn%202024/kasir12rpl-1/src/kasir/agen.java</file>
            <file>file:/C:/Users/user/Documents/soal%20lksn%202024/kasir12rpl-1/src/kasir/sikasir.png</file>
            <file>file:/C:/Users/user/Documents/soal%20lksn%202024/kasir12rpl-1/src/kasir/user.java</file>
            <file>file:/C:/Users/user/Documents/soal%20lksn%202024/kasir12rpl-1/src/kasir/inventoryMenu.java</file>
            <file>file:/C:/Users/user/Documents/soal%20lksn%202024/kasir12rpl-1/src/kasir/historyKasir.java</file>
            <file>file:/C:/Users/user/Documents/soal%20lksn%202024/kasir12rpl-1/src/kasir/JDialogTambahStok.java</file>
            <file>file:/C:/Users/user/Documents/soal%20lksn%202024/kasir12rpl-1/src/kasir/jDialogBahan.java</file>
            <file>file:/C:/Users/user/Documents/soal%20lksn%202024/kasir12rpl-1/src/kasir/menu.java</file>
            <file>file:/C:/Users/user/Documents/soal%20lksn%202024/kasir12rpl-1/src/kasir/resep.java</file>
            <file>file:/C:/Users/user/Documents/soal%20lksn%202024/kasir12rpl-1/src/kasir/koneksi.java</file>
            <file>file:/C:/Users/user/Documents/soal%20lksn%202024/kasir12rpl-1/src/kasir/info.java</file>
            <file>file:/C:/Users/user/Documents/soal%20lksn%202024/kasir12rpl-1/src/kasir/bahan.java</file>
            <file>file:/C:/Users/user/Documents/soal%20lksn%202024/kasir12rpl-1/src/kasir/admin.java</file>
        </group>
    </open-files>
</project-private>
